,0,1,tm_f1,tm_f2,tm_with_best
0,examples/8E6Y/unrelaxed_model_1_pred_7_dropout.pdb,84.75044295302001,0.81016,0.57119,0.91466
1,examples/8E6Y/unrelaxed_model_1_pred_8_dropout.pdb,80.42809395973154,0.81154,0.57497,0.89978
2,examples/8E6Y/unrelaxed_model_1_pred_5_dropout.pdb,81.7419731543624,0.78971,0.58088,0.8633
3,examples/8E6Y/unrelaxed_model_1_pred_10_dropout.pdb,82.11146308724855,0.78949,0.56597,0.83855
4,examples/8E6Y/unrelaxed_model_1_pred_4_dropout.pdb,86.85989261744947,0.80984,0.56954,1.0
5,examples/8E6Y/unrelaxed_model_1_pred_6_dropout.pdb,80.19038926174497,0.79655,0.57009,0.8585
6,examples/8E6Y/unrelaxed_model_1_pred_9_dropout.pdb,82.42795973154388,0.80788,0.56685,0.9604
7,examples/8E6Y/unrelaxed_model_1_pred_3_dropout.pdb,79.06841610738249,0.78201,0.57108,0.86766
8,examples/8E6Y/unrelaxed_model_1_pred_2_dropout.pdb,82.31744966442977,0.80824,0.57133,0.89315
9,examples/8E6Y/unrelaxed_model_1_pred_1_dropout.pdb,80.68598657718132,0.81341,0.58289,0.87854
